_id,user_id,name,email,orders[0].order_id,orders[1].order_id,orders[2].order_id,orders[3].order_id,orders[4].order_id,orders[0].products[0].product_id,orders[0].products[1].product_id,orders[1].products[0].product_id,orders[1].products[1].product_id,orders[1].products[2].product_id,orders[2].products[0].product_id,orders[2].products[1].product_id,orders[3].products[0].product_id,orders[3].products[1].product_id,orders[4].products[0].product_id,orders[4].products[1].product_id,orders[4].products[2].product_id,orders[0].products[2].product_id,orders[3].products[2].product_id,orders[2].products[2].product_id,orders[0].products[0].product_name,orders[0].products[1].product_name,orders[1].products[0].product_name,orders[1].products[1].product_name,orders[1].products[2].product_name,orders[2].products[0].product_name,orders[2].products[1].product_name,orders[3].products[0].product_name,orders[3].products[1].product_name,orders[4].products[0].product_name,orders[4].products[1].product_name,orders[4].products[2].product_name,orders[0].products[2].product_name,orders[3].products[2].product_name,orders[2].products[2].product_name,orders[0].products[0].image_url,orders[0].products[1].image_url,orders[1].products[0].image_url,orders[1].products[1].image_url,orders[1].products[2].image_url,orders[2].products[0].image_url,orders[2].products[1].image_url,orders[3].products[0].image_url,orders[3].products[1].image_url,orders[4].products[0].image_url,orders[4].products[1].image_url,orders[4].products[2].image_url,orders[0].products[2].image_url,orders[3].products[2].image_url,orders[2].products[2].image_url,orders[0].order_date,orders[1].order_date,orders[2].order_date,orders[3].order_date,orders[4].order_date,preferences[0],preferences[1],recent_purchases_summary
68b56eb9d4188ef9f2fdd0ad,1,Test User 1,user1@example.com,100,101,102,,,3,1,4,1,2,5,4,,,,,,,,,Almond Milk,Chocolate Sandwich Cookies,Cheddar Cheese,Chocolate Sandwich Cookies,Organic Bananas,Whole Wheat Bread,Cheddar Cheese,,,,,,,,,https://example.com/almond_milk.jpg,https://example.com/cookies.jpg,https://example.com/cheese.jpg,https://example.com/cookies.jpg,https://example.com/bananas.jpg,https://example.com/bread.jpg,https://example.com/cheese.jpg,,,,,,,,,2024-07-04T00:00:00.000Z,2024-01-25T00:00:00.000Z,2024-08-25T00:00:00.000Z,,,produce,organic,Bought Whole Wheat Bread recently
68b56eb9d4188ef9f2fdd0ae,2,Test User 2,user2@example.com,200,201,202,203,204,3,,2,,,2,,3,4,1,5,4,,,,Almond Milk,,Organic Bananas,,,Organic Bananas,,Almond Milk,Cheddar Cheese,Chocolate Sandwich Cookies,Whole Wheat Bread,Cheddar Cheese,,,,https://example.com/almond_milk.jpg,,https://example.com/bananas.jpg,,,https://example.com/bananas.jpg,,https://example.com/almond_milk.jpg,https://example.com/cheese.jpg,https://example.com/cookies.jpg,https://example.com/bread.jpg,https://example.com/cheese.jpg,,,,2024-02-27T00:00:00.000Z,2024-04-19T00:00:00.000Z,2024-05-11T00:00:00.000Z,2024-04-13T00:00:00.000Z,2024-04-12T00:00:00.000Z,snacks,produce,Bought Chocolate Sandwich Cookies recently
68b56eb9d4188ef9f2fdd0af,3,Test User 3,user3@example.com,300,301,302,303,304,5,1,4,,,2,5,2,5,2,,,2,1,,Whole Wheat Bread,Chocolate Sandwich Cookies,Cheddar Cheese,,,Organic Bananas,Whole Wheat Bread,Organic Bananas,Whole Wheat Bread,Organic Bananas,,,Organic Bananas,Chocolate Sandwich Cookies,,https://example.com/bread.jpg,https://example.com/cookies.jpg,https://example.com/cheese.jpg,,,https://example.com/bananas.jpg,https://example.com/bread.jpg,https://example.com/bananas.jpg,https://example.com/bread.jpg,https://example.com/bananas.jpg,,,https://example.com/bananas.jpg,https://example.com/cookies.jpg,,2024-07-22T00:00:00.000Z,2024-06-23T00:00:00.000Z,2024-03-21T00:00:00.000Z,2024-08-04T00:00:00.000Z,2024-03-27T00:00:00.000Z,dairy,produce,Bought Organic Bananas recently
68b56eb9d4188ef9f2fdd0b0,4,Test User 4,user4@example.com,400,401,,,,3,,5,2,3,,,,,,,,,,,Almond Milk,,Whole Wheat Bread,Organic Bananas,Almond Milk,,,,,,,,,,,https://example.com/almond_milk.jpg,,https://example.com/bread.jpg,https://example.com/bananas.jpg,https://example.com/almond_milk.jpg,,,,,,,,,,,2024-03-01T00:00:00.000Z,2024-01-18T00:00:00.000Z,,,,snacks,beverages,Bought Whole Wheat Bread recently
68b56eb9d4188ef9f2fdd0b1,5,Test User 5,user5@example.com,500,,,,,4,,,,,,,,,,,,,,,Cheddar Cheese,,,,,,,,,,,,,,,https://example.com/cheese.jpg,,,,,,,,,,,,,,,2024-03-01T00:00:00.000Z,,,,,organic,beverages,Bought Cheddar Cheese recently
68b56eb9d4188ef9f2fdd0b2,6,Test User 6,user6@example.com,600,601,,,,4,2,3,2,5,,,,,,,,,,,Cheddar Cheese,Organic Bananas,Almond Milk,Organic Bananas,Whole Wheat Bread,,,,,,,,,,,https://example.com/cheese.jpg,https://example.com/bananas.jpg,https://example.com/almond_milk.jpg,https://example.com/bananas.jpg,https://example.com/bread.jpg,,,,,,,,,,,2024-07-25T00:00:00.000Z,2024-01-05T00:00:00.000Z,,,,beverages,bakery,Bought Almond Milk recently
68b56eb9d4188ef9f2fdd0b3,7,Test User 7,user7@example.com,700,701,702,,,4,,3,,,3,1,,,,,,,,,Cheddar Cheese,,Almond Milk,,,Almond Milk,Chocolate Sandwich Cookies,,,,,,,,,https://example.com/cheese.jpg,,https://example.com/almond_milk.jpg,,,https://example.com/almond_milk.jpg,https://example.com/cookies.jpg,,,,,,,,,2024-02-12T00:00:00.000Z,2024-03-18T00:00:00.000Z,2024-05-28T00:00:00.000Z,,,organic,produce,Bought Almond Milk recently
68b56eb9d4188ef9f2fdd0b4,8,Test User 8,user8@example.com,800,801,802,,,1,,1,,,5,2,,,,,,,,,Chocolate Sandwich Cookies,,Chocolate Sandwich Cookies,,,Whole Wheat Bread,Organic Bananas,,,,,,,,,https://example.com/cookies.jpg,,https://example.com/cookies.jpg,,,https://example.com/bread.jpg,https://example.com/bananas.jpg,,,,,,,,,2024-07-12T00:00:00.000Z,2024-03-07T00:00:00.000Z,2024-08-14T00:00:00.000Z,,,produce,dairy,Bought Whole Wheat Bread recently
68b56eb9d4188ef9f2fdd0b5,9,Test User 9,user9@example.com,900,901,902,903,,1,5,5,2,1,3,,1,5,,,,2,2,,Chocolate Sandwich Cookies,Whole Wheat Bread,Whole Wheat Bread,Organic Bananas,Chocolate Sandwich Cookies,Almond Milk,,Chocolate Sandwich Cookies,Whole Wheat Bread,,,,Organic Bananas,Organic Bananas,,https://example.com/cookies.jpg,https://example.com/bread.jpg,https://example.com/bread.jpg,https://example.com/bananas.jpg,https://example.com/cookies.jpg,https://example.com/almond_milk.jpg,,https://example.com/cookies.jpg,https://example.com/bread.jpg,,,,https://example.com/bananas.jpg,https://example.com/bananas.jpg,,2024-04-05T00:00:00.000Z,2024-03-24T00:00:00.000Z,2024-07-23T00:00:00.000Z,2024-03-12T00:00:00.000Z,,organic,snacks,Bought Chocolate Sandwich Cookies recently
68b56eb9d4188ef9f2fdd0b6,10,Test User 10,user10@example.com,1000,1001,1002,1003,1004,1,5,4,,,5,2,2,3,5,,,4,,1,Chocolate Sandwich Cookies,Whole Wheat Bread,Cheddar Cheese,,,Whole Wheat Bread,Organic Bananas,Organic Bananas,Almond Milk,Whole Wheat Bread,,,Cheddar Cheese,,Chocolate Sandwich Cookies,https://example.com/cookies.jpg,https://example.com/bread.jpg,https://example.com/cheese.jpg,,,https://example.com/bread.jpg,https://example.com/bananas.jpg,https://example.com/bananas.jpg,https://example.com/almond_milk.jpg,https://example.com/bread.jpg,,,https://example.com/cheese.jpg,,https://example.com/cookies.jpg,2024-05-10T00:00:00.000Z,2024-06-16T00:00:00.000Z,2024-01-02T00:00:00.000Z,2024-04-03T00:00:00.000Z,2024-01-04T00:00:00.000Z,dairy,snacks,Bought Whole Wheat Bread recently
68b56eb9d4188ef9f2fdd0b7,11,Test User 11,user11@example.com,1100,1101,1102,1103,,4,,2,5,1,4,3,1,2,,,,,,2,Cheddar Cheese,,Organic Bananas,Whole Wheat Bread,Chocolate Sandwich Cookies,Cheddar Cheese,Almond Milk,Chocolate Sandwich Cookies,Organic Bananas,,,,,,Organic Bananas,https://example.com/cheese.jpg,,https://example.com/bananas.jpg,https://example.com/bread.jpg,https://example.com/cookies.jpg,https://example.com/cheese.jpg,https://example.com/almond_milk.jpg,https://example.com/cookies.jpg,https://example.com/bananas.jpg,,,,,,https://example.com/bananas.jpg,2024-02-13T00:00:00.000Z,2024-03-22T00:00:00.000Z,2024-03-09T00:00:00.000Z,2024-07-02T00:00:00.000Z,,organic,dairy,Bought Chocolate Sandwich Cookies recently
68b56eb9d4188ef9f2fdd0b8,12,Test User 12,user12@example.com,1200,1201,,,,3,5,2,3,1,,,,,,,,4,,,Almond Milk,Whole Wheat Bread,Organic Bananas,Almond Milk,Chocolate Sandwich Cookies,,,,,,,,Cheddar Cheese,,,https://example.com/almond_milk.jpg,https://example.com/bread.jpg,https://example.com/bananas.jpg,https://example.com/almond_milk.jpg,https://example.com/cookies.jpg,,,,,,,,https://example.com/cheese.jpg,,,2024-08-15T00:00:00.000Z,2024-01-11T00:00:00.000Z,,,,bakery,snacks,Bought Organic Bananas recently
68b56eb9d4188ef9f2fdd0b9,13,Test User 13,user13@example.com,1300,1301,1302,1303,,5,3,5,,,4,3,1,5,,,,2,2,,Whole Wheat Bread,Almond Milk,Whole Wheat Bread,,,Cheddar Cheese,Almond Milk,Chocolate Sandwich Cookies,Whole Wheat Bread,,,,Organic Bananas,Organic Bananas,,https://example.com/bread.jpg,https://example.com/almond_milk.jpg,https://example.com/bread.jpg,,,https://example.com/cheese.jpg,https://example.com/almond_milk.jpg,https://example.com/cookies.jpg,https://example.com/bread.jpg,,,,https://example.com/bananas.jpg,https://example.com/bananas.jpg,,2024-06-06T00:00:00.000Z,2024-05-15T00:00:00.000Z,2024-03-13T00:00:00.000Z,2024-03-27T00:00:00.000Z,,beverages,snacks,Bought Chocolate Sandwich Cookies recently
68b56eb9d4188ef9f2fdd0ba,14,Test User 14,user14@example.com,1400,1401,1402,1403,,3,2,3,5,,1,5,4,2,,,,,,3,Almond Milk,Organic Bananas,Almond Milk,Whole Wheat Bread,,Chocolate Sandwich Cookies,Whole Wheat Bread,Cheddar Cheese,Organic Bananas,,,,,,Almond Milk,https://example.com/almond_milk.jpg,https://example.com/bananas.jpg,https://example.com/almond_milk.jpg,https://example.com/bread.jpg,,https://example.com/cookies.jpg,https://example.com/bread.jpg,https://example.com/cheese.jpg,https://example.com/bananas.jpg,,,,,,https://example.com/almond_milk.jpg,2024-03-17T00:00:00.000Z,2024-02-15T00:00:00.000Z,2024-01-28T00:00:00.000Z,2024-02-19T00:00:00.000Z,,snacks,organic,Bought Cheddar Cheese recently
68b56eb9d4188ef9f2fdd0bb,15,Test User 15,user15@example.com,1500,1501,1502,,,5,,1,,,1,4,,,,,,,,,Whole Wheat Bread,,Chocolate Sandwich Cookies,,,Chocolate Sandwich Cookies,Cheddar Cheese,,,,,,,,,https://example.com/bread.jpg,,https://example.com/cookies.jpg,,,https://example.com/cookies.jpg,https://example.com/cheese.jpg,,,,,,,,,2024-01-11T00:00:00.000Z,2024-02-28T00:00:00.000Z,2024-07-17T00:00:00.000Z,,,beverages,dairy,Bought Chocolate Sandwich Cookies recently
68b56eb9d4188ef9f2fdd0bc,16,Test User 16,user16@example.com,1600,1601,,,,1,3,2,,,,,,,,,,5,,,Chocolate Sandwich Cookies,Almond Milk,Organic Bananas,,,,,,,,,,Whole Wheat Bread,,,https://example.com/cookies.jpg,https://example.com/almond_milk.jpg,https://example.com/bananas.jpg,,,,,,,,,,https://example.com/bread.jpg,,,2024-06-06T00:00:00.000Z,2024-06-04T00:00:00.000Z,,,,snacks,frozen,Bought Organic Bananas recently
68b56eb9d4188ef9f2fdd0bd,17,Test User 17,user17@example.com,1700,1701,,,,2,1,3,,,,,,,,,,4,,,Organic Bananas,Chocolate Sandwich Cookies,Almond Milk,,,,,,,,,,Cheddar Cheese,,,https://example.com/bananas.jpg,https://example.com/cookies.jpg,https://example.com/almond_milk.jpg,,,,,,,,,,https://example.com/cheese.jpg,,,2024-01-02T00:00:00.000Z,2024-03-19T00:00:00.000Z,,,,frozen,organic,Bought Almond Milk recently
68b56eb9d4188ef9f2fdd0be,18,Test User 18,user18@example.com,1800,1801,1802,1803,,3,2,3,,,4,1,5,3,,,,5,1,2,Almond Milk,Organic Bananas,Almond Milk,,,Cheddar Cheese,Chocolate Sandwich Cookies,Whole Wheat Bread,Almond Milk,,,,Whole Wheat Bread,Chocolate Sandwich Cookies,Organic Bananas,https://example.com/almond_milk.jpg,https://example.com/bananas.jpg,https://example.com/almond_milk.jpg,,,https://example.com/cheese.jpg,https://example.com/cookies.jpg,https://example.com/bread.jpg,https://example.com/almond_milk.jpg,,,,https://example.com/bread.jpg,https://example.com/cookies.jpg,https://example.com/bananas.jpg,2024-03-26T00:00:00.000Z,2024-08-22T00:00:00.000Z,2024-03-23T00:00:00.000Z,2024-02-14T00:00:00.000Z,,organic,dairy,Bought Whole Wheat Bread recently
68b56eb9d4188ef9f2fdd0bf,19,Test User 19,user19@example.com,1900,,,,,1,5,,,,,,,,,,,2,,,Chocolate Sandwich Cookies,Whole Wheat Bread,,,,,,,,,,,Organic Bananas,,,https://example.com/cookies.jpg,https://example.com/bread.jpg,,,,,,,,,,,https://example.com/bananas.jpg,,,2024-03-15T00:00:00.000Z,,,,,beverages,organic,Bought Chocolate Sandwich Cookies recently
68b56eb9d4188ef9f2fdd0c0,20,Test User 20,user20@example.com,2000,,,,,5,2,,,,,,,,,,,,,,Whole Wheat Bread,Organic Bananas,,,,,,,,,,,,,,https://example.com/bread.jpg,https://example.com/bananas.jpg,,,,,,,,,,,,,,2024-04-07T00:00:00.000Z,,,,,produce,dairy,Bought Whole Wheat Bread recently
68b56eb9d4188ef9f2fdd0c1,21,Test User 21,user21@example.com,2100,2101,2102,2103,2104,3,2,3,1,,3,1,1,4,4,,,4,,,Almond Milk,Organic Bananas,Almond Milk,Chocolate Sandwich Cookies,,Almond Milk,Chocolate Sandwich Cookies,Chocolate Sandwich Cookies,Cheddar Cheese,Cheddar Cheese,,,Cheddar Cheese,,,https://example.com/almond_milk.jpg,https://example.com/bananas.jpg,https://example.com/almond_milk.jpg,https://example.com/cookies.jpg,,https://example.com/almond_milk.jpg,https://example.com/cookies.jpg,https://example.com/cookies.jpg,https://example.com/cheese.jpg,https://example.com/cheese.jpg,,,https://example.com/cheese.jpg,,,2024-07-04T00:00:00.000Z,2024-06-06T00:00:00.000Z,2024-08-14T00:00:00.000Z,2024-04-29T00:00:00.000Z,2024-07-09T00:00:00.000Z,snacks,produce,Bought Cheddar Cheese recently
68b56eb9d4188ef9f2fdd0c2,22,Test User 22,user22@example.com,2200,,,,,1,,,,,,,,,,,,,,,Chocolate Sandwich Cookies,,,,,,,,,,,,,,,https://example.com/cookies.jpg,,,,,,,,,,,,,,,2024-08-18T00:00:00.000Z,,,,,organic,bakery,Bought Chocolate Sandwich Cookies recently
68b56eb9d4188ef9f2fdd0c3,23,Test User 23,user23@example.com,2300,2301,2302,2303,,3,1,2,1,4,4,5,4,5,,,,,1,3,Almond Milk,Chocolate Sandwich Cookies,Organic Bananas,Chocolate Sandwich Cookies,Cheddar Cheese,Cheddar Cheese,Whole Wheat Bread,Cheddar Cheese,Whole Wheat Bread,,,,,Chocolate Sandwich Cookies,Almond Milk,https://example.com/almond_milk.jpg,https://example.com/cookies.jpg,https://example.com/bananas.jpg,https://example.com/cookies.jpg,https://example.com/cheese.jpg,https://example.com/cheese.jpg,https://example.com/bread.jpg,https://example.com/cheese.jpg,https://example.com/bread.jpg,,,,,https://example.com/cookies.jpg,https://example.com/almond_milk.jpg,2024-02-21T00:00:00.000Z,2024-01-13T00:00:00.000Z,2024-07-24T00:00:00.000Z,2024-02-04T00:00:00.000Z,,snacks,frozen,Bought Cheddar Cheese recently
68b56eb9d4188ef9f2fdd0c4,24,Test User 24,user24@example.com,2400,2401,2402,,,3,4,1,4,,2,3,,,,,,,,5,Almond Milk,Cheddar Cheese,Chocolate Sandwich Cookies,Cheddar Cheese,,Organic Bananas,Almond Milk,,,,,,,,Whole Wheat Bread,https://example.com/almond_milk.jpg,https://example.com/cheese.jpg,https://example.com/cookies.jpg,https://example.com/cheese.jpg,,https://example.com/bananas.jpg,https://example.com/almond_milk.jpg,,,,,,,,https://example.com/bread.jpg,2024-01-21T00:00:00.000Z,2024-01-11T00:00:00.000Z,2024-08-12T00:00:00.000Z,,,organic,frozen,Bought Organic Bananas recently
68b56eb9d4188ef9f2fdd0c5,25,Test User 25,user25@example.com,2500,2501,2502,,,4,,1,2,,5,2,,,,,,,,4,Cheddar Cheese,,Chocolate Sandwich Cookies,Organic Bananas,,Whole Wheat Bread,Organic Bananas,,,,,,,,Cheddar Cheese,https://example.com/cheese.jpg,,https://example.com/cookies.jpg,https://example.com/bananas.jpg,,https://example.com/bread.jpg,https://example.com/bananas.jpg,,,,,,,,https://example.com/cheese.jpg,2024-01-17T00:00:00.000Z,2024-07-17T00:00:00.000Z,2024-05-24T00:00:00.000Z,,,bakery,organic,Bought Whole Wheat Bread recently
68b56eb9d4188ef9f2fdd0c6,26,Test User 26,user26@example.com,2600,,,,,5,,,,,,,,,,,,,,,Whole Wheat Bread,,,,,,,,,,,,,,,https://example.com/bread.jpg,,,,,,,,,,,,,,,2024-02-02T00:00:00.000Z,,,,,beverages,bakery,Bought Whole Wheat Bread recently
68b56eb9d4188ef9f2fdd0c7,27,Test User 27,user27@example.com,2700,,,,,2,,,,,,,,,,,,,,,Organic Bananas,,,,,,,,,,,,,,,https://example.com/bananas.jpg,,,,,,,,,,,,,,,2024-08-09T00:00:00.000Z,,,,,dairy,bakery,Bought Organic Bananas recently
68b56eb9d4188ef9f2fdd0c8,28,Test User 28,user28@example.com,2800,2801,2802,2803,2804,2,5,2,,,3,1,3,,3,4,5,3,,5,Organic Bananas,Whole Wheat Bread,Organic Bananas,,,Almond Milk,Chocolate Sandwich Cookies,Almond Milk,,Almond Milk,Cheddar Cheese,Whole Wheat Bread,Almond Milk,,Whole Wheat Bread,https://example.com/bananas.jpg,https://example.com/bread.jpg,https://example.com/bananas.jpg,,,https://example.com/almond_milk.jpg,https://example.com/cookies.jpg,https://example.com/almond_milk.jpg,,https://example.com/almond_milk.jpg,https://example.com/cheese.jpg,https://example.com/bread.jpg,https://example.com/almond_milk.jpg,,https://example.com/bread.jpg,2024-04-27T00:00:00.000Z,2024-07-07T00:00:00.000Z,2024-05-07T00:00:00.000Z,2024-05-22T00:00:00.000Z,2024-04-19T00:00:00.000Z,dairy,beverages,Bought Almond Milk recently
68b56eb9d4188ef9f2fdd0c9,29,Test User 29,user29@example.com,2900,,,,,1,,,,,,,,,,,,,,,Chocolate Sandwich Cookies,,,,,,,,,,,,,,,https://example.com/cookies.jpg,,,,,,,,,,,,,,,2024-08-26T00:00:00.000Z,,,,,produce,snacks,Bought Chocolate Sandwich Cookies recently
68b56eb9d4188ef9f2fdd0ca,30,Test User 30,user30@example.com,3000,,,,,4,,,,,,,,,,,,,,,Cheddar Cheese,,,,,,,,,,,,,,,https://example.com/cheese.jpg,,,,,,,,,,,,,,,2024-01-02T00:00:00.000Z,,,,,frozen,produce,Bought Cheddar Cheese recently
68b56eb9d4188ef9f2fdd0cb,31,Test User 31,user31@example.com,3100,3101,3102,3103,,4,5,2,1,,1,2,1,4,,,,1,3,,Cheddar Cheese,Whole Wheat Bread,Organic Bananas,Chocolate Sandwich Cookies,,Chocolate Sandwich Cookies,Organic Bananas,Chocolate Sandwich Cookies,Cheddar Cheese,,,,Chocolate Sandwich Cookies,Almond Milk,,https://example.com/cheese.jpg,https://example.com/bread.jpg,https://example.com/bananas.jpg,https://example.com/cookies.jpg,,https://example.com/cookies.jpg,https://example.com/bananas.jpg,https://example.com/cookies.jpg,https://example.com/cheese.jpg,,,,https://example.com/cookies.jpg,https://example.com/almond_milk.jpg,,2024-02-29T00:00:00.000Z,2024-07-30T00:00:00.000Z,2024-04-05T00:00:00.000Z,2024-01-05T00:00:00.000Z,,dairy,produce,Bought Chocolate Sandwich Cookies recently
68b56eb9d4188ef9f2fdd0cc,32,Test User 32,user32@example.com,3200,3201,3202,3203,3204,4,2,2,,,2,1,3,1,3,5,4,,5,,Cheddar Cheese,Organic Bananas,Organic Bananas,,,Organic Bananas,Chocolate Sandwich Cookies,Almond Milk,Chocolate Sandwich Cookies,Almond Milk,Whole Wheat Bread,Cheddar Cheese,,Whole Wheat Bread,,https://example.com/cheese.jpg,https://example.com/bananas.jpg,https://example.com/bananas.jpg,,,https://example.com/bananas.jpg,https://example.com/cookies.jpg,https://example.com/almond_milk.jpg,https://example.com/cookies.jpg,https://example.com/almond_milk.jpg,https://example.com/bread.jpg,https://example.com/cheese.jpg,,https://example.com/bread.jpg,,2024-06-04T00:00:00.000Z,2024-03-28T00:00:00.000Z,2024-04-02T00:00:00.000Z,2024-05-22T00:00:00.000Z,2024-01-28T00:00:00.000Z,snacks,beverages,Bought Almond Milk recently
68b56eb9d4188ef9f2fdd0cd,33,Test User 33,user33@example.com,3300,3301,3302,,,5,4,5,,,1,2,,,,,,,,,Whole Wheat Bread,Cheddar Cheese,Whole Wheat Bread,,,Chocolate Sandwich Cookies,Organic Bananas,,,,,,,,,https://example.com/bread.jpg,https://example.com/cheese.jpg,https://example.com/bread.jpg,,,https://example.com/cookies.jpg,https://example.com/bananas.jpg,,,,,,,,,2024-07-18T00:00:00.000Z,2024-07-25T00:00:00.000Z,2024-01-15T00:00:00.000Z,,,organic,produce,Bought Chocolate Sandwich Cookies recently
68b56eb9d4188ef9f2fdd0ce,34,Test User 34,user34@example.com,3400,3401,3402,3403,3404,5,3,3,,,2,,5,2,4,2,,,,,Whole Wheat Bread,Almond Milk,Almond Milk,,,Organic Bananas,,Whole Wheat Bread,Organic Bananas,Cheddar Cheese,Organic Bananas,,,,,https://example.com/bread.jpg,https://example.com/almond_milk.jpg,https://example.com/almond_milk.jpg,,,https://example.com/bananas.jpg,,https://example.com/bread.jpg,https://example.com/bananas.jpg,https://example.com/cheese.jpg,https://example.com/bananas.jpg,,,,,2024-02-05T00:00:00.000Z,2024-03-21T00:00:00.000Z,2024-05-03T00:00:00.000Z,2024-01-28T00:00:00.000Z,2024-06-29T00:00:00.000Z,produce,bakery,Bought Cheddar Cheese recently
68b56eb9d4188ef9f2fdd0cf,35,Test User 35,user35@example.com,3500,3501,3502,,,2,,1,2,,5,3,,,,,,,,4,Organic Bananas,,Chocolate Sandwich Cookies,Organic Bananas,,Whole Wheat Bread,Almond Milk,,,,,,,,Cheddar Cheese,https://example.com/bananas.jpg,,https://example.com/cookies.jpg,https://example.com/bananas.jpg,,https://example.com/bread.jpg,https://example.com/almond_milk.jpg,,,,,,,,https://example.com/cheese.jpg,2024-06-14T00:00:00.000Z,2024-03-30T00:00:00.000Z,2024-03-09T00:00:00.000Z,,,snacks,frozen,Bought Whole Wheat Bread recently
68b56eb9d4188ef9f2fdd0d0,36,Test User 36,user36@example.com,3600,3601,3602,,,4,5,1,,,5,,,,,,,3,,,Cheddar Cheese,Whole Wheat Bread,Chocolate Sandwich Cookies,,,Whole Wheat Bread,,,,,,,Almond Milk,,,https://example.com/cheese.jpg,https://example.com/bread.jpg,https://example.com/cookies.jpg,,,https://example.com/bread.jpg,,,,,,,https://example.com/almond_milk.jpg,,,2024-03-04T00:00:00.000Z,2024-06-23T00:00:00.000Z,2024-05-15T00:00:00.000Z,,,produce,bakery,Bought Whole Wheat Bread recently
68b56eb9d4188ef9f2fdd0d1,37,Test User 37,user37@example.com,3700,3701,3702,3703,3704,5,2,1,2,,1,4,4,5,5,,,3,,,Whole Wheat Bread,Organic Bananas,Chocolate Sandwich Cookies,Organic Bananas,,Chocolate Sandwich Cookies,Cheddar Cheese,Cheddar Cheese,Whole Wheat Bread,Whole Wheat Bread,,,Almond Milk,,,https://example.com/bread.jpg,https://example.com/bananas.jpg,https://example.com/cookies.jpg,https://example.com/bananas.jpg,,https://example.com/cookies.jpg,https://example.com/cheese.jpg,https://example.com/cheese.jpg,https://example.com/bread.jpg,https://example.com/bread.jpg,,,https://example.com/almond_milk.jpg,,,2024-04-07T00:00:00.000Z,2024-01-16T00:00:00.000Z,2024-02-06T00:00:00.000Z,2024-02-25T00:00:00.000Z,2024-03-27T00:00:00.000Z,snacks,beverages,Bought Whole Wheat Bread recently
68b56eb9d4188ef9f2fdd0d2,38,Test User 38,user38@example.com,3800,3801,,,,4,5,4,,,,,,,,,,,,,Cheddar Cheese,Whole Wheat Bread,Cheddar Cheese,,,,,,,,,,,,,https://example.com/cheese.jpg,https://example.com/bread.jpg,https://example.com/cheese.jpg,,,,,,,,,,,,,2024-05-26T00:00:00.000Z,2024-03-27T00:00:00.000Z,,,,beverages,snacks,Bought Cheddar Cheese recently
68b56eb9d4188ef9f2fdd0d3,39,Test User 39,user39@example.com,3900,,,,,5,3,,,,,,,,,,,4,,,Whole Wheat Bread,Almond Milk,,,,,,,,,,,Cheddar Cheese,,,https://example.com/bread.jpg,https://example.com/almond_milk.jpg,,,,,,,,,,,https://example.com/cheese.jpg,,,2024-04-11T00:00:00.000Z,,,,,produce,dairy,Bought Whole Wheat Bread recently
68b56eb9d4188ef9f2fdd0d4,40,Test User 40,user40@example.com,4000,4001,4002,,,5,4,3,4,5,1,4,,,,,,,,,Whole Wheat Bread,Cheddar Cheese,Almond Milk,Cheddar Cheese,Whole Wheat Bread,Chocolate Sandwich Cookies,Cheddar Cheese,,,,,,,,,https://example.com/bread.jpg,https://example.com/cheese.jpg,https://example.com/almond_milk.jpg,https://example.com/cheese.jpg,https://example.com/bread.jpg,https://example.com/cookies.jpg,https://example.com/cheese.jpg,,,,,,,,,2024-04-08T00:00:00.000Z,2024-04-06T00:00:00.000Z,2024-07-25T00:00:00.000Z,,,produce,snacks,Bought Chocolate Sandwich Cookies recently
68b56eb9d4188ef9f2fdd0d5,41,Test User 41,user41@example.com,4100,4101,4102,4103,4104,5,1,1,,,5,,1,4,2,5,1,4,5,,Whole Wheat Bread,Chocolate Sandwich Cookies,Chocolate Sandwich Cookies,,,Whole Wheat Bread,,Chocolate Sandwich Cookies,Cheddar Cheese,Organic Bananas,Whole Wheat Bread,Chocolate Sandwich Cookies,Cheddar Cheese,Whole Wheat Bread,,https://example.com/bread.jpg,https://example.com/cookies.jpg,https://example.com/cookies.jpg,,,https://example.com/bread.jpg,,https://example.com/cookies.jpg,https://example.com/cheese.jpg,https://example.com/bananas.jpg,https://example.com/bread.jpg,https://example.com/cookies.jpg,https://example.com/cheese.jpg,https://example.com/bread.jpg,,2024-03-22T00:00:00.000Z,2024-08-16T00:00:00.000Z,2024-02-28T00:00:00.000Z,2024-03-05T00:00:00.000Z,2024-08-07T00:00:00.000Z,snacks,bakery,Bought Organic Bananas recently
68b56eb9d4188ef9f2fdd0d6,42,Test User 42,user42@example.com,4200,4201,4202,,,5,3,1,4,2,1,3,,,,,,1,,,Whole Wheat Bread,Almond Milk,Chocolate Sandwich Cookies,Cheddar Cheese,Organic Bananas,Chocolate Sandwich Cookies,Almond Milk,,,,,,Chocolate Sandwich Cookies,,,https://example.com/bread.jpg,https://example.com/almond_milk.jpg,https://example.com/cookies.jpg,https://example.com/cheese.jpg,https://example.com/bananas.jpg,https://example.com/cookies.jpg,https://example.com/almond_milk.jpg,,,,,,https://example.com/cookies.jpg,,,2024-01-29T00:00:00.000Z,2024-04-25T00:00:00.000Z,2024-07-01T00:00:00.000Z,,,produce,dairy,Bought Chocolate Sandwich Cookies recently
68b56eb9d4188ef9f2fdd0d7,43,Test User 43,user43@example.com,4300,4301,,,,1,3,2,5,4,,,,,,,,,,,Chocolate Sandwich Cookies,Almond Milk,Organic Bananas,Whole Wheat Bread,Cheddar Cheese,,,,,,,,,,,https://example.com/cookies.jpg,https://example.com/almond_milk.jpg,https://example.com/bananas.jpg,https://example.com/bread.jpg,https://example.com/cheese.jpg,,,,,,,,,,,2024-05-24T00:00:00.000Z,2024-04-02T00:00:00.000Z,,,,organic,produce,Bought Organic Bananas recently
68b56eb9d4188ef9f2fdd0d8,44,Test User 44,user44@example.com,4400,4401,4402,4403,4404,3,2,4,5,,3,,5,3,4,,,4,,,Almond Milk,Organic Bananas,Cheddar Cheese,Whole Wheat Bread,,Almond Milk,,Whole Wheat Bread,Almond Milk,Cheddar Cheese,,,Cheddar Cheese,,,https://example.com/almond_milk.jpg,https://example.com/bananas.jpg,https://example.com/cheese.jpg,https://example.com/bread.jpg,,https://example.com/almond_milk.jpg,,https://example.com/bread.jpg,https://example.com/almond_milk.jpg,https://example.com/cheese.jpg,,,https://example.com/cheese.jpg,,,2024-08-08T00:00:00.000Z,2024-04-16T00:00:00.000Z,2024-01-12T00:00:00.000Z,2024-08-25T00:00:00.000Z,2024-06-21T00:00:00.000Z,bakery,snacks,Bought Cheddar Cheese recently
68b56eb9d4188ef9f2fdd0d9,45,Test User 45,user45@example.com,4500,4501,4502,4503,4504,2,4,2,5,,4,1,2,4,4,3,5,3,3,2,Organic Bananas,Cheddar Cheese,Organic Bananas,Whole Wheat Bread,,Cheddar Cheese,Chocolate Sandwich Cookies,Organic Bananas,Cheddar Cheese,Cheddar Cheese,Almond Milk,Whole Wheat Bread,Almond Milk,Almond Milk,Organic Bananas,https://example.com/bananas.jpg,https://example.com/cheese.jpg,https://example.com/bananas.jpg,https://example.com/bread.jpg,,https://example.com/cheese.jpg,https://example.com/cookies.jpg,https://example.com/bananas.jpg,https://example.com/cheese.jpg,https://example.com/cheese.jpg,https://example.com/almond_milk.jpg,https://example.com/bread.jpg,https://example.com/almond_milk.jpg,https://example.com/almond_milk.jpg,https://example.com/bananas.jpg,2024-06-06T00:00:00.000Z,2024-07-31T00:00:00.000Z,2024-02-29T00:00:00.000Z,2024-04-18T00:00:00.000Z,2024-08-10T00:00:00.000Z,snacks,beverages,Bought Cheddar Cheese recently
68b56eb9d4188ef9f2fdd0da,46,Test User 46,user46@example.com,4600,,,,,5,,,,,,,,,,,,,,,Whole Wheat Bread,,,,,,,,,,,,,,,https://example.com/bread.jpg,,,,,,,,,,,,,,,2024-04-20T00:00:00.000Z,,,,,organic,bakery,Bought Whole Wheat Bread recently
68b56eb9d4188ef9f2fdd0db,47,Test User 47,user47@example.com,4700,4701,4702,,,5,2,4,,,3,,,,,,,,,,Whole Wheat Bread,Organic Bananas,Cheddar Cheese,,,Almond Milk,,,,,,,,,,https://example.com/bread.jpg,https://example.com/bananas.jpg,https://example.com/cheese.jpg,,,https://example.com/almond_milk.jpg,,,,,,,,,,2024-03-09T00:00:00.000Z,2024-08-20T00:00:00.000Z,2024-04-30T00:00:00.000Z,,,frozen,beverages,Bought Almond Milk recently
68b56eb9d4188ef9f2fdd0dc,48,Test User 48,user48@example.com,4800,4801,4802,4803,,4,5,1,,,1,,4,1,,,,3,2,,Cheddar Cheese,Whole Wheat Bread,Chocolate Sandwich Cookies,,,Chocolate Sandwich Cookies,,Cheddar Cheese,Chocolate Sandwich Cookies,,,,Almond Milk,Organic Bananas,,https://example.com/cheese.jpg,https://example.com/bread.jpg,https://example.com/cookies.jpg,,,https://example.com/cookies.jpg,,https://example.com/cheese.jpg,https://example.com/cookies.jpg,,,,https://example.com/almond_milk.jpg,https://example.com/bananas.jpg,,2024-05-30T00:00:00.000Z,2024-04-15T00:00:00.000Z,2024-06-28T00:00:00.000Z,2024-01-17T00:00:00.000Z,,bakery,frozen,Bought Cheddar Cheese recently
68b56eb9d4188ef9f2fdd0dd,49,Test User 49,user49@example.com,4900,4901,4902,4903,4904,4,,5,3,4,2,5,4,2,3,1,,,3,,Cheddar Cheese,,Whole Wheat Bread,Almond Milk,Cheddar Cheese,Organic Bananas,Whole Wheat Bread,Cheddar Cheese,Organic Bananas,Almond Milk,Chocolate Sandwich Cookies,,,Almond Milk,,https://example.com/cheese.jpg,,https://example.com/bread.jpg,https://example.com/almond_milk.jpg,https://example.com/cheese.jpg,https://example.com/bananas.jpg,https://example.com/bread.jpg,https://example.com/cheese.jpg,https://example.com/bananas.jpg,https://example.com/almond_milk.jpg,https://example.com/cookies.jpg,,,https://example.com/almond_milk.jpg,,2024-01-26T00:00:00.000Z,2024-03-14T00:00:00.000Z,2024-01-17T00:00:00.000Z,2024-08-14T00:00:00.000Z,2024-06-15T00:00:00.000Z,frozen,produce,Bought Almond Milk recently
68b56eb9d4188ef9f2fdd0de,50,Test User 50,user50@example.com,5000,5001,5002,5003,,3,,5,2,,3,,1,3,,,,,5,,Almond Milk,,Whole Wheat Bread,Organic Bananas,,Almond Milk,,Chocolate Sandwich Cookies,Almond Milk,,,,,Whole Wheat Bread,,https://example.com/almond_milk.jpg,,https://example.com/bread.jpg,https://example.com/bananas.jpg,,https://example.com/almond_milk.jpg,,https://example.com/cookies.jpg,https://example.com/almond_milk.jpg,,,,,https://example.com/bread.jpg,,2024-07-24T00:00:00.000Z,2024-06-23T00:00:00.000Z,2024-07-13T00:00:00.000Z,2024-04-26T00:00:00.000Z,,frozen,organic,Bought Chocolate Sandwich Cookies recently
68b56eb9d4188ef9f2fdd0df,51,Test User 51,user51@example.com,5100,,,,,1,,,,,,,,,,,,,,,Chocolate Sandwich Cookies,,,,,,,,,,,,,,,https://example.com/cookies.jpg,,,,,,,,,,,,,,,2024-07-20T00:00:00.000Z,,,,,organic,frozen,Bought Chocolate Sandwich Cookies recently
68b56eb9d4188ef9f2fdd0e0,52,Test User 52,user52@example.com,5200,5201,5202,5203,5204,1,,2,,,2,4,3,5,5,4,,,1,1,Chocolate Sandwich Cookies,,Organic Bananas,,,Organic Bananas,Cheddar Cheese,Almond Milk,Whole Wheat Bread,Whole Wheat Bread,Cheddar Cheese,,,Chocolate Sandwich Cookies,Chocolate Sandwich Cookies,https://example.com/cookies.jpg,,https://example.com/bananas.jpg,,,https://example.com/bananas.jpg,https://example.com/cheese.jpg,https://example.com/almond_milk.jpg,https://example.com/bread.jpg,https://example.com/bread.jpg,https://example.com/cheese.jpg,,,https://example.com/cookies.jpg,https://example.com/cookies.jpg,2024-03-08T00:00:00.000Z,2024-07-10T00:00:00.000Z,2024-03-13T00:00:00.000Z,2024-02-26T00:00:00.000Z,2024-02-03T00:00:00.000Z,frozen,bakery,Bought Whole Wheat Bread recently
68b56eb9d4188ef9f2fdd0e1,53,Test User 53,user53@example.com,5300,5301,5302,5303,5304,3,5,4,2,1,5,,5,2,1,,,4,1,,Almond Milk,Whole Wheat Bread,Cheddar Cheese,Organic Bananas,Chocolate Sandwich Cookies,Whole Wheat Bread,,Whole Wheat Bread,Organic Bananas,Chocolate Sandwich Cookies,,,Cheddar Cheese,Chocolate Sandwich Cookies,,https://example.com/almond_milk.jpg,https://example.com/bread.jpg,https://example.com/cheese.jpg,https://example.com/bananas.jpg,https://example.com/cookies.jpg,https://example.com/bread.jpg,,https://example.com/bread.jpg,https://example.com/bananas.jpg,https://example.com/cookies.jpg,,,https://example.com/cheese.jpg,https://example.com/cookies.jpg,,2024-04-17T00:00:00.000Z,2024-08-10T00:00:00.000Z,2024-08-10T00:00:00.000Z,2024-05-04T00:00:00.000Z,2024-03-06T00:00:00.000Z,dairy,bakery,Bought Chocolate Sandwich Cookies recently
68b56eb9d4188ef9f2fdd0e2,54,Test User 54,user54@example.com,5400,5401,5402,,,2,1,1,5,,1,3,,,,,,,,4,Organic Bananas,Chocolate Sandwich Cookies,Chocolate Sandwich Cookies,Whole Wheat Bread,,Chocolate Sandwich Cookies,Almond Milk,,,,,,,,Cheddar Cheese,https://example.com/bananas.jpg,https://example.com/cookies.jpg,https://example.com/cookies.jpg,https://example.com/bread.jpg,,https://example.com/cookies.jpg,https://example.com/almond_milk.jpg,,,,,,,,https://example.com/cheese.jpg,2024-04-06T00:00:00.000Z,2024-02-15T00:00:00.000Z,2024-04-13T00:00:00.000Z,,,snacks,beverages,Bought Chocolate Sandwich Cookies recently
68b56eb9d4188ef9f2fdd0e3,55,Test User 55,user55@example.com,5500,,,,,1,5,,,,,,,,,,,,,,Chocolate Sandwich Cookies,Whole Wheat Bread,,,,,,,,,,,,,,https://example.com/cookies.jpg,https://example.com/bread.jpg,,,,,,,,,,,,,,2024-01-30T00:00:00.000Z,,,,,produce,bakery,Bought Chocolate Sandwich Cookies recently
68b56eb9d4188ef9f2fdd0e4,56,Test User 56,user56@example.com,5600,5601,5602,5603,,5,4,4,2,1,4,2,2,1,,,,,3,5,Whole Wheat Bread,Cheddar Cheese,Cheddar Cheese,Organic Bananas,Chocolate Sandwich Cookies,Cheddar Cheese,Organic Bananas,Organic Bananas,Chocolate Sandwich Cookies,,,,,Almond Milk,Whole Wheat Bread,https://example.com/bread.jpg,https://example.com/cheese.jpg,https://example.com/cheese.jpg,https://example.com/bananas.jpg,https://example.com/cookies.jpg,https://example.com/cheese.jpg,https://example.com/bananas.jpg,https://example.com/bananas.jpg,https://example.com/cookies.jpg,,,,,https://example.com/almond_milk.jpg,https://example.com/bread.jpg,2024-03-27T00:00:00.000Z,2024-02-12T00:00:00.000Z,2024-02-22T00:00:00.000Z,2024-01-16T00:00:00.000Z,,organic,bakery,Bought Organic Bananas recently
68b56eb9d4188ef9f2fdd0e5,57,Test User 57,user57@example.com,5700,5701,5702,5703,,5,,2,5,,1,4,1,,,,,,,3,Whole Wheat Bread,,Organic Bananas,Whole Wheat Bread,,Chocolate Sandwich Cookies,Cheddar Cheese,Chocolate Sandwich Cookies,,,,,,,Almond Milk,https://example.com/bread.jpg,,https://example.com/bananas.jpg,https://example.com/bread.jpg,,https://example.com/cookies.jpg,https://example.com/cheese.jpg,https://example.com/cookies.jpg,,,,,,,https://example.com/almond_milk.jpg,2024-08-07T00:00:00.000Z,2024-06-18T00:00:00.000Z,2024-08-04T00:00:00.000Z,2024-01-25T00:00:00.000Z,,dairy,organic,Bought Chocolate Sandwich Cookies recently
68b56eb9d4188ef9f2fdd0e6,58,Test User 58,user58@example.com,5800,,,,,5,2,,,,,,,,,,,4,,,Whole Wheat Bread,Organic Bananas,,,,,,,,,,,Cheddar Cheese,,,https://example.com/bread.jpg,https://example.com/bananas.jpg,,,,,,,,,,,https://example.com/cheese.jpg,,,2024-08-20T00:00:00.000Z,,,,,organic,beverages,Bought Whole Wheat Bread recently
68b56eb9d4188ef9f2fdd0e7,59,Test User 59,user59@example.com,5900,5901,5902,5903,,5,,2,,,5,1,4,2,,,,,,2,Whole Wheat Bread,,Organic Bananas,,,Whole Wheat Bread,Chocolate Sandwich Cookies,Cheddar Cheese,Organic Bananas,,,,,,Organic Bananas,https://example.com/bread.jpg,,https://example.com/bananas.jpg,,,https://example.com/bread.jpg,https://example.com/cookies.jpg,https://example.com/cheese.jpg,https://example.com/bananas.jpg,,,,,,https://example.com/bananas.jpg,2024-05-06T00:00:00.000Z,2024-04-26T00:00:00.000Z,2024-03-24T00:00:00.000Z,2024-08-18T00:00:00.000Z,,snacks,produce,Bought Cheddar Cheese recently
68b56eb9d4188ef9f2fdd0e8,60,Test User 60,user60@example.com,6000,6001,6002,6003,6004,1,2,1,5,,2,4,3,1,2,4,3,,,3,Chocolate Sandwich Cookies,Organic Bananas,Chocolate Sandwich Cookies,Whole Wheat Bread,,Organic Bananas,Cheddar Cheese,Almond Milk,Chocolate Sandwich Cookies,Organic Bananas,Cheddar Cheese,Almond Milk,,,Almond Milk,https://example.com/cookies.jpg,https://example.com/bananas.jpg,https://example.com/cookies.jpg,https://example.com/bread.jpg,,https://example.com/bananas.jpg,https://example.com/cheese.jpg,https://example.com/almond_milk.jpg,https://example.com/cookies.jpg,https://example.com/bananas.jpg,https://example.com/cheese.jpg,https://example.com/almond_milk.jpg,,,https://example.com/almond_milk.jpg,2024-03-01T00:00:00.000Z,2024-01-03T00:00:00.000Z,2024-08-11T00:00:00.000Z,2024-07-23T00:00:00.000Z,2024-08-01T00:00:00.000Z,frozen,dairy,Bought Organic Bananas recently
68b56eb9d4188ef9f2fdd0e9,61,Test User 61,user61@example.com,6100,6101,6102,6103,,2,1,3,5,1,5,,5,,,,,4,,,Organic Bananas,Chocolate Sandwich Cookies,Almond Milk,Whole Wheat Bread,Chocolate Sandwich Cookies,Whole Wheat Bread,,Whole Wheat Bread,,,,,Cheddar Cheese,,,https://example.com/bananas.jpg,https://example.com/cookies.jpg,https://example.com/almond_milk.jpg,https://example.com/bread.jpg,https://example.com/cookies.jpg,https://example.com/bread.jpg,,https://example.com/bread.jpg,,,,,https://example.com/cheese.jpg,,,2024-07-20T00:00:00.000Z,2024-05-08T00:00:00.000Z,2024-04-20T00:00:00.000Z,2024-05-28T00:00:00.000Z,,frozen,organic,Bought Whole Wheat Bread recently
68b56eb9d4188ef9f2fdd0ea,62,Test User 62,user62@example.com,6200,6201,,,,1,3,3,4,2,,,,,,,,,,,Chocolate Sandwich Cookies,Almond Milk,Almond Milk,Cheddar Cheese,Organic Bananas,,,,,,,,,,,https://example.com/cookies.jpg,https://example.com/almond_milk.jpg,https://example.com/almond_milk.jpg,https://example.com/cheese.jpg,https://example.com/bananas.jpg,,,,,,,,,,,2024-05-28T00:00:00.000Z,2024-01-04T00:00:00.000Z,,,,organic,snacks,Bought Almond Milk recently
68b56eb9d4188ef9f2fdd0eb,63,Test User 63,user63@example.com,6300,6301,6302,,,2,3,1,2,5,4,,,,,,,,,,Organic Bananas,Almond Milk,Chocolate Sandwich Cookies,Organic Bananas,Whole Wheat Bread,Cheddar Cheese,,,,,,,,,,https://example.com/bananas.jpg,https://example.com/almond_milk.jpg,https://example.com/cookies.jpg,https://example.com/bananas.jpg,https://example.com/bread.jpg,https://example.com/cheese.jpg,,,,,,,,,,2024-07-26T00:00:00.000Z,2024-08-22T00:00:00.000Z,2024-02-10T00:00:00.000Z,,,organic,dairy,Bought Cheddar Cheese recently
68b56eb9d4188ef9f2fdd0ec,64,Test User 64,user64@example.com,6400,6401,6402,6403,6404,2,1,5,,,2,4,5,,4,,,,,1,Organic Bananas,Chocolate Sandwich Cookies,Whole Wheat Bread,,,Organic Bananas,Cheddar Cheese,Whole Wheat Bread,,Cheddar Cheese,,,,,Chocolate Sandwich Cookies,https://example.com/bananas.jpg,https://example.com/cookies.jpg,https://example.com/bread.jpg,,,https://example.com/bananas.jpg,https://example.com/cheese.jpg,https://example.com/bread.jpg,,https://example.com/cheese.jpg,,,,,https://example.com/cookies.jpg,2024-04-26T00:00:00.000Z,2024-03-30T00:00:00.000Z,2024-07-15T00:00:00.000Z,2024-08-23T00:00:00.000Z,2024-07-29T00:00:00.000Z,bakery,frozen,Bought Cheddar Cheese recently
68b56eb9d4188ef9f2fdd0ed,65,Test User 65,user65@example.com,6500,6501,6502,6503,,3,2,1,,,4,5,3,,,,,,,1,Almond Milk,Organic Bananas,Chocolate Sandwich Cookies,,,Cheddar Cheese,Whole Wheat Bread,Almond Milk,,,,,,,Chocolate Sandwich Cookies,https://example.com/almond_milk.jpg,https://example.com/bananas.jpg,https://example.com/cookies.jpg,,,https://example.com/cheese.jpg,https://example.com/bread.jpg,https://example.com/almond_milk.jpg,,,,,,,https://example.com/cookies.jpg,2024-03-12T00:00:00.000Z,2024-08-18T00:00:00.000Z,2024-04-07T00:00:00.000Z,2024-04-29T00:00:00.000Z,,bakery,organic,Bought Almond Milk recently
68b56eb9d4188ef9f2fdd0ee,66,Test User 66,user66@example.com,6600,6601,6602,,,3,5,2,4,,4,,,,,,,2,,,Almond Milk,Whole Wheat Bread,Organic Bananas,Cheddar Cheese,,Cheddar Cheese,,,,,,,Organic Bananas,,,https://example.com/almond_milk.jpg,https://example.com/bread.jpg,https://example.com/bananas.jpg,https://example.com/cheese.jpg,,https://example.com/cheese.jpg,,,,,,,https://example.com/bananas.jpg,,,2024-01-16T00:00:00.000Z,2024-01-09T00:00:00.000Z,2024-08-07T00:00:00.000Z,,,frozen,produce,Bought Cheddar Cheese recently
68b56eb9d4188ef9f2fdd0ef,67,Test User 67,user67@example.com,6700,,,,,5,3,,,,,,,,,,,,,,Whole Wheat Bread,Almond Milk,,,,,,,,,,,,,,https://example.com/bread.jpg,https://example.com/almond_milk.jpg,,,,,,,,,,,,,,2024-01-29T00:00:00.000Z,,,,,organic,frozen,Bought Whole Wheat Bread recently
68b56eb9d4188ef9f2fdd0f0,68,Test User 68,user68@example.com,6800,6801,6802,,,5,3,2,1,,3,1,,,,,,1,,,Whole Wheat Bread,Almond Milk,Organic Bananas,Chocolate Sandwich Cookies,,Almond Milk,Chocolate Sandwich Cookies,,,,,,Chocolate Sandwich Cookies,,,https://example.com/bread.jpg,https://example.com/almond_milk.jpg,https://example.com/bananas.jpg,https://example.com/cookies.jpg,,https://example.com/almond_milk.jpg,https://example.com/cookies.jpg,,,,,,https://example.com/cookies.jpg,,,2024-04-01T00:00:00.000Z,2024-03-06T00:00:00.000Z,2024-06-04T00:00:00.000Z,,,bakery,dairy,Bought Almond Milk recently
68b56eb9d4188ef9f2fdd0f1,69,Test User 69,user69@example.com,6900,6901,6902,6903,6904,3,,1,3,,4,3,3,1,4,,,,,1,Almond Milk,,Chocolate Sandwich Cookies,Almond Milk,,Cheddar Cheese,Almond Milk,Almond Milk,Chocolate Sandwich Cookies,Cheddar Cheese,,,,,Chocolate Sandwich Cookies,https://example.com/almond_milk.jpg,,https://example.com/cookies.jpg,https://example.com/almond_milk.jpg,,https://example.com/cheese.jpg,https://example.com/almond_milk.jpg,https://example.com/almond_milk.jpg,https://example.com/cookies.jpg,https://example.com/cheese.jpg,,,,,https://example.com/cookies.jpg,2024-03-07T00:00:00.000Z,2024-07-02T00:00:00.000Z,2024-05-24T00:00:00.000Z,2024-03-03T00:00:00.000Z,2024-04-01T00:00:00.000Z,organic,beverages,Bought Cheddar Cheese recently
68b56eb9d4188ef9f2fdd0f2,70,Test User 70,user70@example.com,7000,7001,,,,2,4,4,2,3,,,,,,,,1,,,Organic Bananas,Cheddar Cheese,Cheddar Cheese,Organic Bananas,Almond Milk,,,,,,,,Chocolate Sandwich Cookies,,,https://example.com/bananas.jpg,https://example.com/cheese.jpg,https://example.com/cheese.jpg,https://example.com/bananas.jpg,https://example.com/almond_milk.jpg,,,,,,,,https://example.com/cookies.jpg,,,2024-01-13T00:00:00.000Z,2024-05-28T00:00:00.000Z,,,,produce,beverages,Bought Cheddar Cheese recently
68b56eb9d4188ef9f2fdd0f3,71,Test User 71,user71@example.com,7100,7101,7102,7103,7104,3,,3,2,,4,,4,,5,1,,,,,Almond Milk,,Almond Milk,Organic Bananas,,Cheddar Cheese,,Cheddar Cheese,,Whole Wheat Bread,Chocolate Sandwich Cookies,,,,,https://example.com/almond_milk.jpg,,https://example.com/almond_milk.jpg,https://example.com/bananas.jpg,,https://example.com/cheese.jpg,,https://example.com/cheese.jpg,,https://example.com/bread.jpg,https://example.com/cookies.jpg,,,,,2024-05-26T00:00:00.000Z,2024-04-26T00:00:00.000Z,2024-01-20T00:00:00.000Z,2024-03-06T00:00:00.000Z,2024-04-02T00:00:00.000Z,organic,produce,Bought Whole Wheat Bread recently
68b56eb9d4188ef9f2fdd0f4,72,Test User 72,user72@example.com,7200,7201,7202,7203,7204,4,,4,2,,3,2,5,3,3,1,,,,5,Cheddar Cheese,,Cheddar Cheese,Organic Bananas,,Almond Milk,Organic Bananas,Whole Wheat Bread,Almond Milk,Almond Milk,Chocolate Sandwich Cookies,,,,Whole Wheat Bread,https://example.com/cheese.jpg,,https://example.com/cheese.jpg,https://example.com/bananas.jpg,,https://example.com/almond_milk.jpg,https://example.com/bananas.jpg,https://example.com/bread.jpg,https://example.com/almond_milk.jpg,https://example.com/almond_milk.jpg,https://example.com/cookies.jpg,,,,https://example.com/bread.jpg,2024-06-09T00:00:00.000Z,2024-02-22T00:00:00.000Z,2024-07-21T00:00:00.000Z,2024-07-10T00:00:00.000Z,2024-06-16T00:00:00.000Z,produce,bakery,Bought Almond Milk recently
68b56eb9d4188ef9f2fdd0f5,73,Test User 73,user73@example.com,7300,7301,7302,,,4,1,5,,,4,,,,,,,,,,Cheddar Cheese,Chocolate Sandwich Cookies,Whole Wheat Bread,,,Cheddar Cheese,,,,,,,,,,https://example.com/cheese.jpg,https://example.com/cookies.jpg,https://example.com/bread.jpg,,,https://example.com/cheese.jpg,,,,,,,,,,2024-05-03T00:00:00.000Z,2024-07-09T00:00:00.000Z,2024-02-01T00:00:00.000Z,,,beverages,dairy,Bought Cheddar Cheese recently
68b56eb9d4188ef9f2fdd0f6,74,Test User 74,user74@example.com,7400,7401,7402,,,1,,4,1,,5,2,,,,,,,,,Chocolate Sandwich Cookies,,Cheddar Cheese,Chocolate Sandwich Cookies,,Whole Wheat Bread,Organic Bananas,,,,,,,,,https://example.com/cookies.jpg,,https://example.com/cheese.jpg,https://example.com/cookies.jpg,,https://example.com/bread.jpg,https://example.com/bananas.jpg,,,,,,,,,2024-06-11T00:00:00.000Z,2024-04-26T00:00:00.000Z,2024-08-28T00:00:00.000Z,,,beverages,dairy,Bought Whole Wheat Bread recently
68b56eb9d4188ef9f2fdd0f7,75,Test User 75,user75@example.com,7500,7501,,,,5,1,5,1,3,,,,,,,,,,,Whole Wheat Bread,Chocolate Sandwich Cookies,Whole Wheat Bread,Chocolate Sandwich Cookies,Almond Milk,,,,,,,,,,,https://example.com/bread.jpg,https://example.com/cookies.jpg,https://example.com/bread.jpg,https://example.com/cookies.jpg,https://example.com/almond_milk.jpg,,,,,,,,,,,2024-03-30T00:00:00.000Z,2024-01-12T00:00:00.000Z,,,,dairy,organic,Bought Whole Wheat Bread recently
68b56eb9d4188ef9f2fdd0f8,76,Test User 76,user76@example.com,7600,7601,7602,7603,,2,4,5,3,,2,5,2,3,,,,,,,Organic Bananas,Cheddar Cheese,Whole Wheat Bread,Almond Milk,,Organic Bananas,Whole Wheat Bread,Organic Bananas,Almond Milk,,,,,,,https://example.com/bananas.jpg,https://example.com/cheese.jpg,https://example.com/bread.jpg,https://example.com/almond_milk.jpg,,https://example.com/bananas.jpg,https://example.com/bread.jpg,https://example.com/bananas.jpg,https://example.com/almond_milk.jpg,,,,,,,2024-02-17T00:00:00.000Z,2024-07-16T00:00:00.000Z,2024-02-07T00:00:00.000Z,2024-06-17T00:00:00.000Z,,frozen,produce,Bought Organic Bananas recently
68b56eb9d4188ef9f2fdd0f9,77,Test User 77,user77@example.com,7700,7701,7702,,,5,,3,,,2,,,,,,,,,,Whole Wheat Bread,,Almond Milk,,,Organic Bananas,,,,,,,,,,https://example.com/bread.jpg,,https://example.com/almond_milk.jpg,,,https://example.com/bananas.jpg,,,,,,,,,,2024-08-27T00:00:00.000Z,2024-07-29T00:00:00.000Z,2024-06-01T00:00:00.000Z,,,organic,dairy,Bought Organic Bananas recently
68b56eb9d4188ef9f2fdd0fa,78,Test User 78,user78@example.com,7800,7801,7802,,,2,3,2,3,,2,1,,,,,,1,,,Organic Bananas,Almond Milk,Organic Bananas,Almond Milk,,Organic Bananas,Chocolate Sandwich Cookies,,,,,,Chocolate Sandwich Cookies,,,https://example.com/bananas.jpg,https://example.com/almond_milk.jpg,https://example.com/bananas.jpg,https://example.com/almond_milk.jpg,,https://example.com/bananas.jpg,https://example.com/cookies.jpg,,,,,,https://example.com/cookies.jpg,,,2024-07-04T00:00:00.000Z,2024-05-25T00:00:00.000Z,2024-02-25T00:00:00.000Z,,,snacks,beverages,Bought Organic Bananas recently
68b56eb9d4188ef9f2fdd0fb,79,Test User 79,user79@example.com,7900,7901,7902,,,3,2,5,,,5,2,,,,,,4,,,Almond Milk,Organic Bananas,Whole Wheat Bread,,,Whole Wheat Bread,Organic Bananas,,,,,,Cheddar Cheese,,,https://example.com/almond_milk.jpg,https://example.com/bananas.jpg,https://example.com/bread.jpg,,,https://example.com/bread.jpg,https://example.com/bananas.jpg,,,,,,https://example.com/cheese.jpg,,,2024-06-10T00:00:00.000Z,2024-07-22T00:00:00.000Z,2024-02-22T00:00:00.000Z,,,frozen,dairy,Bought Whole Wheat Bread recently
68b56eb9d4188ef9f2fdd0fc,80,Test User 80,user80@example.com,8000,8001,8002,8003,,5,,3,5,1,4,,1,,,,,,,,Whole Wheat Bread,,Almond Milk,Whole Wheat Bread,Chocolate Sandwich Cookies,Cheddar Cheese,,Chocolate Sandwich Cookies,,,,,,,,https://example.com/bread.jpg,,https://example.com/almond_milk.jpg,https://example.com/bread.jpg,https://example.com/cookies.jpg,https://example.com/cheese.jpg,,https://example.com/cookies.jpg,,,,,,,,2024-03-18T00:00:00.000Z,2024-05-14T00:00:00.000Z,2024-08-08T00:00:00.000Z,2024-05-24T00:00:00.000Z,,organic,frozen,Bought Chocolate Sandwich Cookies recently
68b56eb9d4188ef9f2fdd0fd,81,Test User 81,user81@example.com,8100,,,,,4,3,,,,,,,,,,,,,,Cheddar Cheese,Almond Milk,,,,,,,,,,,,,,https://example.com/cheese.jpg,https://example.com/almond_milk.jpg,,,,,,,,,,,,,,2024-07-11T00:00:00.000Z,,,,,organic,produce,Bought Cheddar Cheese recently
68b56eb9d4188ef9f2fdd0fe,82,Test User 82,user82@example.com,8200,8201,8202,8203,8204,5,1,1,2,5,4,,1,3,5,2,,3,,,Whole Wheat Bread,Chocolate Sandwich Cookies,Chocolate Sandwich Cookies,Organic Bananas,Whole Wheat Bread,Cheddar Cheese,,Chocolate Sandwich Cookies,Almond Milk,Whole Wheat Bread,Organic Bananas,,Almond Milk,,,https://example.com/bread.jpg,https://example.com/cookies.jpg,https://example.com/cookies.jpg,https://example.com/bananas.jpg,https://example.com/bread.jpg,https://example.com/cheese.jpg,,https://example.com/cookies.jpg,https://example.com/almond_milk.jpg,https://example.com/bread.jpg,https://example.com/bananas.jpg,,https://example.com/almond_milk.jpg,,,2024-02-16T00:00:00.000Z,2024-02-05T00:00:00.000Z,2024-01-24T00:00:00.000Z,2024-03-28T00:00:00.000Z,2024-06-09T00:00:00.000Z,produce,beverages,Bought Whole Wheat Bread recently
68b56eb9d4188ef9f2fdd0ff,83,Test User 83,user83@example.com,8300,8301,8302,8303,8304,4,,3,4,,3,1,3,,3,5,4,,,5,Cheddar Cheese,,Almond Milk,Cheddar Cheese,,Almond Milk,Chocolate Sandwich Cookies,Almond Milk,,Almond Milk,Whole Wheat Bread,Cheddar Cheese,,,Whole Wheat Bread,https://example.com/cheese.jpg,,https://example.com/almond_milk.jpg,https://example.com/cheese.jpg,,https://example.com/almond_milk.jpg,https://example.com/cookies.jpg,https://example.com/almond_milk.jpg,,https://example.com/almond_milk.jpg,https://example.com/bread.jpg,https://example.com/cheese.jpg,,,https://example.com/bread.jpg,2024-01-02T00:00:00.000Z,2024-01-08T00:00:00.000Z,2024-01-09T00:00:00.000Z,2024-01-15T00:00:00.000Z,2024-04-08T00:00:00.000Z,bakery,organic,Bought Almond Milk recently
68b56eb9d4188ef9f2fdd100,84,Test User 84,user84@example.com,8400,,,,,5,1,,,,,,,,,,,,,,Whole Wheat Bread,Chocolate Sandwich Cookies,,,,,,,,,,,,,,https://example.com/bread.jpg,https://example.com/cookies.jpg,,,,,,,,,,,,,,2024-03-17T00:00:00.000Z,,,,,bakery,beverages,Bought Whole Wheat Bread recently
68b56eb9d4188ef9f2fdd101,85,Test User 85,user85@example.com,8500,8501,8502,8503,8504,1,4,1,,,2,3,1,3,2,5,4,,2,,Chocolate Sandwich Cookies,Cheddar Cheese,Chocolate Sandwich Cookies,,,Organic Bananas,Almond Milk,Chocolate Sandwich Cookies,Almond Milk,Organic Bananas,Whole Wheat Bread,Cheddar Cheese,,Organic Bananas,,https://example.com/cookies.jpg,https://example.com/cheese.jpg,https://example.com/cookies.jpg,,,https://example.com/bananas.jpg,https://example.com/almond_milk.jpg,https://example.com/cookies.jpg,https://example.com/almond_milk.jpg,https://example.com/bananas.jpg,https://example.com/bread.jpg,https://example.com/cheese.jpg,,https://example.com/bananas.jpg,,2024-01-30T00:00:00.000Z,2024-03-07T00:00:00.000Z,2024-03-07T00:00:00.000Z,2024-05-05T00:00:00.000Z,2024-07-27T00:00:00.000Z,dairy,produce,Bought Organic Bananas recently
68b56eb9d4188ef9f2fdd102,86,Test User 86,user86@example.com,8600,,,,,2,,,,,,,,,,,,,,,Organic Bananas,,,,,,,,,,,,,,,https://example.com/bananas.jpg,,,,,,,,,,,,,,,2024-04-18T00:00:00.000Z,,,,,organic,snacks,Bought Organic Bananas recently
68b56eb9d4188ef9f2fdd103,87,Test User 87,user87@example.com,8700,8701,8702,8703,,2,5,2,4,,2,,1,3,,,,,5,,Organic Bananas,Whole Wheat Bread,Organic Bananas,Cheddar Cheese,,Organic Bananas,,Chocolate Sandwich Cookies,Almond Milk,,,,,Whole Wheat Bread,,https://example.com/bananas.jpg,https://example.com/bread.jpg,https://example.com/bananas.jpg,https://example.com/cheese.jpg,,https://example.com/bananas.jpg,,https://example.com/cookies.jpg,https://example.com/almond_milk.jpg,,,,,https://example.com/bread.jpg,,2024-04-29T00:00:00.000Z,2024-08-02T00:00:00.000Z,2024-07-28T00:00:00.000Z,2024-08-09T00:00:00.000Z,,produce,snacks,Bought Chocolate Sandwich Cookies recently
68b56eb9d4188ef9f2fdd104,88,Test User 88,user88@example.com,8800,8801,,,,4,,2,4,1,,,,,,,,,,,Cheddar Cheese,,Organic Bananas,Cheddar Cheese,Chocolate Sandwich Cookies,,,,,,,,,,,https://example.com/cheese.jpg,,https://example.com/bananas.jpg,https://example.com/cheese.jpg,https://example.com/cookies.jpg,,,,,,,,,,,2024-06-23T00:00:00.000Z,2024-01-23T00:00:00.000Z,,,,produce,dairy,Bought Organic Bananas recently
68b56eb9d4188ef9f2fdd105,89,Test User 89,user89@example.com,8900,,,,,2,,,,,,,,,,,,,,,Organic Bananas,,,,,,,,,,,,,,,https://example.com/bananas.jpg,,,,,,,,,,,,,,,2024-02-29T00:00:00.000Z,,,,,frozen,beverages,Bought Organic Bananas recently
68b56eb9d4188ef9f2fdd106,90,Test User 90,user90@example.com,9000,9001,,,,5,2,5,3,,,,,,,,,3,,,Whole Wheat Bread,Organic Bananas,Whole Wheat Bread,Almond Milk,,,,,,,,,Almond Milk,,,https://example.com/bread.jpg,https://example.com/bananas.jpg,https://example.com/bread.jpg,https://example.com/almond_milk.jpg,,,,,,,,,https://example.com/almond_milk.jpg,,,2024-01-25T00:00:00.000Z,2024-06-01T00:00:00.000Z,,,,snacks,organic,Bought Whole Wheat Bread recently
68b56eb9d4188ef9f2fdd107,91,Test User 91,user91@example.com,9100,,,,,4,3,,,,,,,,,,,,,,Cheddar Cheese,Almond Milk,,,,,,,,,,,,,,https://example.com/cheese.jpg,https://example.com/almond_milk.jpg,,,,,,,,,,,,,,2024-02-27T00:00:00.000Z,,,,,frozen,organic,Bought Cheddar Cheese recently
68b56eb9d4188ef9f2fdd108,92,Test User 92,user92@example.com,9200,9201,,,,2,,4,5,2,,,,,,,,,,,Organic Bananas,,Cheddar Cheese,Whole Wheat Bread,Organic Bananas,,,,,,,,,,,https://example.com/bananas.jpg,,https://example.com/cheese.jpg,https://example.com/bread.jpg,https://example.com/bananas.jpg,,,,,,,,,,,2024-08-08T00:00:00.000Z,2024-04-19T00:00:00.000Z,,,,bakery,beverages,Bought Cheddar Cheese recently
68b56eb9d4188ef9f2fdd109,93,Test User 93,user93@example.com,9300,,,,,5,2,,,,,,,,,,,,,,Whole Wheat Bread,Organic Bananas,,,,,,,,,,,,,,https://example.com/bread.jpg,https://example.com/bananas.jpg,,,,,,,,,,,,,,2024-06-25T00:00:00.000Z,,,,,produce,beverages,Bought Whole Wheat Bread recently
68b56eb9d4188ef9f2fdd10a,94,Test User 94,user94@example.com,9400,9401,9402,9403,9404,5,2,5,,,3,,5,1,2,,,3,,,Whole Wheat Bread,Organic Bananas,Whole Wheat Bread,,,Almond Milk,,Whole Wheat Bread,Chocolate Sandwich Cookies,Organic Bananas,,,Almond Milk,,,https://example.com/bread.jpg,https://example.com/bananas.jpg,https://example.com/bread.jpg,,,https://example.com/almond_milk.jpg,,https://example.com/bread.jpg,https://example.com/cookies.jpg,https://example.com/bananas.jpg,,,https://example.com/almond_milk.jpg,,,2024-07-16T00:00:00.000Z,2024-03-07T00:00:00.000Z,2024-02-01T00:00:00.000Z,2024-01-04T00:00:00.000Z,2024-03-11T00:00:00.000Z,produce,bakery,Bought Organic Bananas recently
68b56eb9d4188ef9f2fdd10b,95,Test User 95,user95@example.com,9500,9501,9502,9503,,5,3,2,5,,1,5,4,3,,,,4,5,2,Whole Wheat Bread,Almond Milk,Organic Bananas,Whole Wheat Bread,,Chocolate Sandwich Cookies,Whole Wheat Bread,Cheddar Cheese,Almond Milk,,,,Cheddar Cheese,Whole Wheat Bread,Organic Bananas,https://example.com/bread.jpg,https://example.com/almond_milk.jpg,https://example.com/bananas.jpg,https://example.com/bread.jpg,,https://example.com/cookies.jpg,https://example.com/bread.jpg,https://example.com/cheese.jpg,https://example.com/almond_milk.jpg,,,,https://example.com/cheese.jpg,https://example.com/bread.jpg,https://example.com/bananas.jpg,2024-02-16T00:00:00.000Z,2024-05-30T00:00:00.000Z,2024-01-29T00:00:00.000Z,2024-06-27T00:00:00.000Z,,dairy,organic,Bought Cheddar Cheese recently
68b56eb9d4188ef9f2fdd10c,96,Test User 96,user96@example.com,9600,,,,,1,5,,,,,,,,,,,4,,,Chocolate Sandwich Cookies,Whole Wheat Bread,,,,,,,,,,,Cheddar Cheese,,,https://example.com/cookies.jpg,https://example.com/bread.jpg,,,,,,,,,,,https://example.com/cheese.jpg,,,2024-02-10T00:00:00.000Z,,,,,organic,dairy,Bought Chocolate Sandwich Cookies recently
68b56eb9d4188ef9f2fdd10d,97,Test User 97,user97@example.com,9700,9701,9702,,,4,2,4,1,,4,1,,,,,,,,,Cheddar Cheese,Organic Bananas,Cheddar Cheese,Chocolate Sandwich Cookies,,Cheddar Cheese,Chocolate Sandwich Cookies,,,,,,,,,https://example.com/cheese.jpg,https://example.com/bananas.jpg,https://example.com/cheese.jpg,https://example.com/cookies.jpg,,https://example.com/cheese.jpg,https://example.com/cookies.jpg,,,,,,,,,2024-03-03T00:00:00.000Z,2024-06-16T00:00:00.000Z,2024-07-29T00:00:00.000Z,,,produce,dairy,Bought Cheddar Cheese recently
68b56eb9d4188ef9f2fdd10e,98,Test User 98,user98@example.com,9800,9801,,,,5,3,4,3,1,,,,,,,,,,,Whole Wheat Bread,Almond Milk,Cheddar Cheese,Almond Milk,Chocolate Sandwich Cookies,,,,,,,,,,,https://example.com/bread.jpg,https://example.com/almond_milk.jpg,https://example.com/cheese.jpg,https://example.com/almond_milk.jpg,https://example.com/cookies.jpg,,,,,,,,,,,2024-08-21T00:00:00.000Z,2024-08-20T00:00:00.000Z,,,,frozen,produce,Bought Cheddar Cheese recently
68b56eb9d4188ef9f2fdd10f,99,Test User 99,user99@example.com,9900,,,,,2,1,,,,,,,,,,,3,,,Organic Bananas,Chocolate Sandwich Cookies,,,,,,,,,,,Almond Milk,,,https://example.com/bananas.jpg,https://example.com/cookies.jpg,,,,,,,,,,,https://example.com/almond_milk.jpg,,,2024-05-29T00:00:00.000Z,,,,,snacks,dairy,Bought Organic Bananas recently
68b56eb9d4188ef9f2fdd110,100,Test User 100,user100@example.com,10000,10001,,,,5,2,1,2,5,,,,,,,,1,,,Whole Wheat Bread,Organic Bananas,Chocolate Sandwich Cookies,Organic Bananas,Whole Wheat Bread,,,,,,,,Chocolate Sandwich Cookies,,,https://example.com/bread.jpg,https://example.com/bananas.jpg,https://example.com/cookies.jpg,https://example.com/bananas.jpg,https://example.com/bread.jpg,,,,,,,,https://example.com/cookies.jpg,,,2024-01-07T00:00:00.000Z,2024-06-18T00:00:00.000Z,,,,produce,organic,Bought Chocolate Sandwich Cookies recently
